2025-11-17_23-43-09,0,draft.py:2025-11-17_23-43-09
2025-11-18_10-09-50,0,draft.py:2025-11-17_23-43-09
2025-11-18_10-09-52,0,draft.py:2025-11-17_23-43-09
2025-11-18_10-09-53,0,draft.py:2025-11-17_23-43-09
2025-11-18_10-09-54,0,draft.py:2025-11-17_23-43-09
2025-11-18_10-09-55,0,draft.py:2025-11-17_23-43-09
2025-11-18_10-09-56,0,draft.py:2025-11-17_23-43-09
2025-11-18_10-09-57,0,draft.py:2025-11-17_23-43-09
2025-11-18_10-09-58,0,draft.py:2025-11-17_23-43-09
2025-11-18_10-13-35,0,draft.py:2025-11-17_23-43-09
2025-11-18_10-22-23,0,draft.py:2025-11-18_10-22-23
2025-11-18_10-30-23,0,draft.py:2025-11-18_10-30-23
2025-11-18_10-46-06,0,draft.py:2025-11-18_10-46-06
2025-11-18_11-02-56,0,draft.py:2025-11-18_10-46-06
2025-11-18_15-41-01,0,draft.py:2025-11-18_10-46-06
2025-11-18_15-41-03,0,draft.py:2025-11-18_10-46-06
2025-11-18_15-41-04,0,draft.py:2025-11-18_10-46-06
2025-11-18_15-41-05,0,draft.py:2025-11-18_10-46-06
