2025-11-19_19-59-34,0,draft.py:2025-11-19_19-59-34
2025-11-19_19-59-37,0,draft.py:2025-11-19_19-59-34
2025-11-19_20-00-47,0,draft.py:2025-11-19_19-59-34
2025-11-19_20-00-51,0,draft.py:2025-11-19_19-59-34
2025-11-19_20-15-14,0,draft.py:2025-11-19_19-59-34
2025-11-19_20-19-31,0,draft.py:2025-11-19_19-59-34
2025-11-19_20-19-39,0,draft.py:2025-11-19_20-19-39
2025-11-19_20-20-20,0,draft.py:2025-11-19_20-19-39
2025-11-19_20-20-21,0,draft.py:2025-11-19_20-19-39
2025-11-19_20-38-58,0,draft.py:2025-11-19_20-19-39
2025-11-19_20-39-01,0,draft.py:2025-11-19_20-19-39
2025-11-19_20-39-01,0,draft.py:2025-11-19_20-19-39
2025-11-19_20-39-02,0,draft.py:2025-11-19_20-19-39
2025-11-19_20-39-02,0,draft.py:2025-11-19_20-19-39
2025-11-19_23-56-47,0,draft.py:2025-11-19_20-19-39
