2025-11-15_17-13-47,None,draft.py:2025-11-15_17-13-47
2025-11-15_17-36-02,None,draft.py:2025-11-15_17-36-02
2025-11-15_17-40-55,None,draft.py:2025-11-15_17-40-55
2025-11-15_17-55-30,None,draft.py:2025-11-15_17-55-30
2025-11-15_17-55-44,None,draft.py:2025-11-15_17-55-44
2025-11-17_22-52-01,None,draft.py:2025-11-15_17-55-44
2025-11-17_22-55-45,None,draft.py:2025-11-17_22-55-45
2025-11-17_22-56-28,None,draft.py:2025-11-17_22-56-28
2025-11-17_22-56-55,None,draft.py:2025-11-17_22-56-28
2025-11-17_22-58-27,100,draft.py:2025-11-17_22-58-27
2025-11-17_22-59-08,0,draft.py:2025-11-17_22-59-08
2025-11-17_22-59-23,0,draft.py:2025-11-17_22-59-23
2025-11-17_22-59-43,70,draft.py:2025-11-17_22-59-43
2025-11-17_23-01-12,0,draft.py:2025-11-17_23-01-12
2025-11-17_23-02-39,100,draft.py:2025-11-17_23-02-39
2025-11-18_10-06-44,100,draft.py:2025-11-17_23-02-39
